{
  "n_clusters": 2,
  "cluster_assignments": {
    "VK155": 0,
    "VK157": 1
  },
  "clusters": {
    "0": [
      "VK155"
    ],
    "1": [
      "VK157"
    ]
  },
  "cluster_centers": [
    [
      0.133173,
      0.12491,
      0.075424,
      0.066215,
      0.046162,
      0.02761,
      -0.017391,
      0.005307,
      -0.002045,
      -0.025695,
      -0.012017,
      0.0014990000000000001,
      0.009217,
      0.012524,
      -0.007465,
      -0.008221,
      -0.0016949999999999995,
      0.002534,
      -0.0022629999999999994,
      0.007253,
      0.0,
      -0.013231,
      0.0,
      0.0020479999999999995,
      -0.00946
    ],
    [
      0.129758,
      0.135065,
      0.082589,
      0.070414,
      0.052625,
      0.022032,
      0.006345,
      0.007846,
      0.0,
      -0.020046,
      -0.003085,
      -0.005245,
      0.01665,
      0.021607,
      -0.001493,
      -0.014187,
      -0.010952,
      0.001014,
      0.003268,
      0.004502,
      0.010856,
      -0.004575,
      0.002465,
      -0.009278,
      0.00012000000000000031
    ]
  ],
  "inertia": 0.0
}