{
  "sample_ids": [
    "VK155",
    "VK157"
  ],
  "pca_coordinates": {
    "VK155": [
      -0.020868156566884382,
      1.5774341280307432e-17
    ],
    "VK157": [
      0.020868156566884392,
      1.577434128030743e-17
    ]
  },
  "explained_variance_ratio": [
    1.0,
    5.71392179986191e-31
  ],
  "explained_variance": [
    0.0008709599170000003,
    4.9765968565522215e-34
  ],
  "components": [
    [
      -0.0818232312244404,
      0.24331329812128535,
      0.171673045892566,
      0.10060783247772323,
      0.1548531605866929,
      -0.13364860432501524,
      0.5687133869233708,
      0.06083431451796591,
      0.048998098932351415,
      0.13534976081606506,
      0.2140102785641872,
      -0.1615859066991579,
      0.17809431264751502,
      0.21762823110149043,
      0.14308882485281305,
      -0.14294506514934405,
      -0.22179726250209147,
      -0.03641912487881376,
      0.13252248664784141,
      -0.06591382404053729,
      0.2601092234765804,
      0.20739733220461312,
      0.059061278175181545,
      -0.2713704002483189,
      0.22953632653883937
    ],
    [
      -0.20941729127467643,
      0.8328544016524693,
      -0.4704475011422821,
      -0.012906629534770394,
      -0.020513960379630717,
      0.021027616335548963,
      -0.1234154917080342,
      -0.03812643860217694,
      -0.007697967053562677,
      0.081816788841307,
      0.0011517510217401473,
      0.018432493465149843,
      -0.03701170483863181,
      -0.028848862748244025,
      -0.018889306590237062,
      -0.04096840662764888,
      0.059922778327665384,
      -0.0020325240701314375,
      -0.01729437562738843,
      0.008731972633058447,
      -0.0478443114870379,
      -0.062282874178873224,
      -0.010976868156502407,
      0.033224006105261994,
      -0.02771419757818757
    ]
  ],
  "mean": [
    0.1314655,
    0.12998749999999998,
    0.07900650000000001,
    0.0683145,
    0.0493935,
    0.024821,
    -0.005523,
    0.006576500000000001,
    -0.0010225,
    -0.022870500000000002,
    -0.007551,
    -0.0018729999999999999,
    0.0129335,
    0.0170655,
    -0.004479,
    -0.011203999999999999,
    -0.0063235,
    0.001774,
    0.0005025000000000001,
    0.0058775,
    0.005428,
    -0.008903,
    0.0012325,
    -0.003615,
    -0.00467
  ],
  "n_components": 2
}